DronID, CoordenadaX, CoordenadaY, Microservicios
0, 39.1885, -5.13606, 1 2 
1, 39.1803, -5.10477, 3 4 
2, 39.1774, -5.07588, 1 3 
3, 39.1832, -5.1367, 2 4 
4, 39.168, -5.10884, 1 4 
5, 39.1682, -5.0455, 2 3 
6, 39.1623, -5.07966, 1 2 
7, 39.1656, -5.05078, 3 4 
8, 39.1713, -5.0549, 1 3 
